INSERT INTO company VALUES (1, 'Gigaclub', '89431', 'Shelley', 'Akron', 'Ohio', '44393', 'nhs.uk');
INSERT INTO company VALUES (2, 'Photospace', '5', 'Lakeland', 'Sacramento', 'California', '95818', 'businessinsider.com');
INSERT INTO company VALUES (3, 'Realfire', '7', 'Pleasure', 'El Paso', 'Texas', '79955', 'japanpost.jp');
INSERT INTO company VALUES (4, 'Izio', '13', 'Fordem', 'Providence', 'Rhode Island', '02912', 'fastcompany.com');
INSERT INTO company VALUES (5, 'Skinder', '86', 'Little Fleur', 'Fresno', 'California', '93726', 'pagesperso-orange.fr');
INSERT INTO company VALUES (6, 'Fiveclub', '8', 'Johnson', 'Saint Paul', 'Minnesota', '55146', 'odnoklassniki.ru');
INSERT INTO company VALUES (7, 'Bubblebox', '25120', '3rd', 'Lubbock', 'Texas', '79452', 'reddit.com');
INSERT INTO company VALUES (8, 'Tazz', '4166', 'Hooker', 'Louisville', 'Kentucky', '40225', 'archive.org');
INSERT INTO company VALUES (9, 'Voonder', '4', 'Melby', 'Louisville', 'Kentucky', '40205', 'samsung.com');
INSERT INTO company VALUES (10, 'Edgeclub', '61', 'American', 'Chicago', 'Illinois', '60686', 'google.it');
	
INSERT INTO project VALUES(1,2,'HolyGate');	
INSERT INTO project VALUES(2,2,'ReserchLegionairre');	

INSERT INTO person VALUES (1, 'Julia Hicks', '96', 'Comanche', 'London', 'Kentucky', '40745', 'Male', 'jhicks0@scientificamerican.com');
INSERT INTO person VALUES (2, 'Mark Lee', '97', 'Kipling', 'Cincinnati', 'Ohio', '45999', 'Female', 'mlee1@qq.com');
INSERT INTO person VALUES (3, 'Keith Martinez', '81538', 'Buena Vista', 'Reno', 'Nevada', '89510', 'Female', 'kmartinez2@tmall.com');
INSERT INTO person VALUES (4, 'Jacqueline Nichols', '7519', 'Thierer', 'Harrisburg', 'Pennsylvania', '17140', 'Male', 'jnichols3@cdc.gov');
INSERT INTO person VALUES (5, 'William Ray', '56703', 'Coolidge', 'Hampton', 'Virginia', '23668', 'Male', 'wray4@smh.com.au');
INSERT INTO person VALUES (6, 'Kathy Jenkins', '120', 'Jackson', 'El Paso', 'Texas', '79977', 'Female', 'kjenkins5@hud.gov');
INSERT INTO person VALUES (7, 'Christina Bowman', '809', 'Luster', 'Greensboro', 'North Carolina', '27425', 'Female', 'cbowman6@hatena.ne.jp');
INSERT INTO person VALUES (8, 'Annie Brooks', '504', 'Shoshone', 'Seattle', 'Washington', '98121', 'Female', 'abrooks7@ca.gov');
INSERT INTO person VALUES (9, 'Bonnie Boyd', '6', 'Cottonwood', 'Shawnee Mission', 'Kansas', '66276', 'Male', 'bboyd8@deliciousdays.com');
INSERT INTO person VALUES (10, 'Deborah Watkins', '71577', 'Forster', 'Fairbanks', 'Alaska', '99790', 'Male', 'dwatkins9@cyberchimps.com');
insert into person values (11, 'Gary King', '0352', 'Blackbird', 'Cincinnati', 'Ohio', '45218', 'Male', 'gkinga@jugem.jp');
insert into person values (12, 'Brenda Gutierrez', '99981', 'Monument', 'Youngstown', 'Ohio', '44555', 'Female', 'bgutierrezb@ibm.com');
insert into person values (13, 'Adam Chapman', '3', 'Delladonna', 'Springfield', 'Missouri', '65898', 'Female', 'achapmanc@dion.ne.jp');
insert into person values (14, 'Andrea Franklin', '7417', 'Ludington', 'Jacksonville', 'Florida', '32204', 'Male', 'afranklind@symantec.com');
insert into person values (15, 'Larry Nelson', '22', 'Parkside', 'Boston', 'Massachusetts', '02283', 'Male', 'lnelsone@xinhuanet.com');
insert into person values (16, 'Ernest Dunn', '570', 'Golf Course', 'Baton Rouge', 'Louisiana', '70820', 'Female', 'edunnf@scribd.com');
insert into person values (17, 'Andrew Olson', '726', 'Oak Valley', 'Young America', 'Minnesota', '55557', 'Female', 'aolsong@nationalgeographic.com');
insert into person values (18, 'Lori Parker', '5625', 'Stang', 'Indianapolis', 'Indiana', '46216', 'Female', 'lparkerh@bigcartel.com');
insert into person values (19, 'Carolyn Cooper', '97230', 'Algoma', 'Houston', 'Texas', '77005', 'Male', 'ccooperi@nasa.gov');
insert into person values (20, 'Margaret Ramos', '60895', 'Hintze', 'Jeffersonville', 'Indiana', '47134', 'Male', 'mramosj@github.com');
insert into person values (21, 'Barbara Little', '29597', 'Debs', 'Paterson', 'New Jersey', '07522', 'Male', 'blittlek@globo.com');
insert into person values (22, 'Nicholas Perry', '92', 'Buhler', 'Washington', 'District of Columbia', '20310', 'Female', 'nperryl@sciencedirect.com');
insert into person values (23, 'Jean Harvey', '42', 'Buhler', 'New York City', 'New York', '10115', 'Male', 'jharveym@desdev.cn');
insert into person values (24, 'Gerald Meyer', '957', 'Dunning', 'Van Nuys', 'California', '91499', 'Male', 'gmeyern@surveymonkey.com');
insert into person values (25, 'Albert Garza', '95', 'Emmet', 'San Francisco', 'California', '94177', 'Female', 'agarzao@discovery.com');

INSERT INTO skill VALUES (1, 'leadership', 'Ability to delegate members of a team towards a common goal', 3);
INSERT INTO skill VALUES (2, 'java', 'Knowledge of the java programming language', 3);
INSERT INTO skill VALUES (3, 'computation', 'In depth knowledge of calculus theory', 3);
INSERT INTO skill VALUES (4, 'research', 'Knowledge of the scientific method and experimental design', 3);
INSERT INTO skill VALUES (5, 'teaching', 'Ability to educate a discipline others', 2);
INSERT INTO skill VALUES (6, 'environment', 'Geography, climate, and pollution', 2);
INSERT INTO skill VALUES (7, 'marketing', 'Advertising and Networking', 2);
INSERT INTO skill VALUES (8, 'Information Technology', 'Hardware, Networking, and troubleshooting', 2);
INSERT INTO skill VALUES (9, 'tutoring', null, 1);
INSERT INTO skill VALUES (10, 'elementry teaching', null, 1);
INSERT INTO skill VALUES (11, 'high school teaching', null, 2);
INSERT INTO skill VALUES (12, 'professional teaching', null, 3);
INSERT INTO skill VALUES (13, 'college level teaching', null, 3);
INSERT INTO skill VALUES (14, 'basic Communication', null, 1);
INSERT INTO skill VALUES (15, 'professional communication', null, 2);
INSERT INTO skill VALUES (16, 'public speach', null, 1);
INSERT INTO skill VALUES (17, 'small group Management', null, 1);
INSERT INTO skill VALUES (18, 'histroy of education', null, 1);
INSERT INTO skill VALUES (19, 'student psychology', null, 1);
INSERT INTO skill VALUES (20, 'classic teaching', null, 1);
INSERT INTO skill VALUES (21, 'modern teaching', null, 1);





-- INSERT INTO skill (skill_id, skill_title, description, skill_level) 

/*who knows what skills*/
INSERT INTO knows_skill VALUES(1,1);	/*julia hicks knows leadership*/
INSERT INTO knows_skill VALUES(1,2);	/*julia hicks knows java*/
INSERT INTO knows_skill VALUES(1,3);	/*julia hicks knows computation*/
INSERT INTO knows_skill VALUES(1,8);	/*julia hicks knows information technology*/

INSERT INTO knows_skill VALUES(2,1);/*mark lee knows leadership*/
INSERT INTO knows_skill VALUES(2,4);/*mark lee knows research*/
	INSERT INTO knows_skill VALUES(2,8);/*mark lee knows IT*/

INSERT INTO knows_skill VALUES(3,2);	/*keith martinez knows java*/
INSERT INTO knows_skill VALUES(3,4);	/*keith martinez knows research*/

INSERT INTO knows_skill VALUES(4,7);	/*jaqueline nichols knows marketing*/
INSERT INTO knows_skill VALUES(4,4);	/*jaqueline nichols knows research*/
INSERT INTO knows_skill VALUES(4,1);  /*jaqueline nichols knows leadership*/

INSERT INTO knows_skill VALUES(5,4);	/*william ray knows research*/
INSERT INTO knows_skill VALUES(5,1);	/*william ray knows leadership*/
INSERT INTO knows_skill VALUES(5,2);	/*william ray knows java*/
INSERT INTO knows_skill VALUES(5,3);	/*william ray knows computation*/
INSERT INTO knows_skill VALUES(5,5);	/*william ray knows teaching*/
INSERT INTO knows_skill VALUES(5,7);	/*william ray knows marketing*/
INSERT INTO knows_skill VALUES(5,8);	/*william ray knows information technology*/

INSERT INTO knows_skill VALUES(10,4); /* knows research*/
INSERT INTO knows_skill VALUES(10,1);	/*leadership*/
INSERT INTO knows_skill VALUES(10,2);	/*java*/
INSERT INTO knows_skill VALUES(10,3);	/*computation*/
INSERT INTO knows_skill VALUES(10,5);	/*teaching*/
INSERT INTO knows_skill VALUES(10,7);	/* marketing*/
INSERT INTO knows_skill VALUES(10,8);	/* information technology*/
INSERT INTO knows_skill VALUES(11,4);	/* knows research*/
INSERT INTO knows_skill VALUES(11,6);	/* knows environment*/
INSERT INTO knows_skill VALUES(11,14);	/* knows comm*/
INSERT INTO knows_skill VALUES(12,14);	/* knows comm*/

INSERT INTO knows_skill VALUES(13,14);	/* knows comm*/

INSERT INTO knows_skill VALUES(14,14);	/* knows comm*/


INSERT INTO knows_skill VALUES(12,4); /* knows research*/
INSERT INTO knows_skill VALUES(13,4);	/* knows research*/
INSERT INTO knows_skill VALUES(14,4);	/* knows research*/

/*which jobs require which skills*/
INSERT INTO skill_require VALUES(1,2);	/*research assistant requires java*/
INSERT INTO skill_require VALUES(1,4);	/*research assistant requires research*/
INSERT INTO skill_require VALUES(1,8);	/*research assistant requires Information Technology*/

INSERT INTO skill_require VALUES(2,2);	/*general Manager requires java*/
INSERT INTO skill_require VALUES(2,4);	/*general Manager requires research*/
INSERT INTO skill_require VALUES(2,8);	/*general Manager requires Information Technology*/
INSERT INTO skill_require VALUES(2,1);	/*general Manager requires Leadership*/
INSERT INTO skill_require VALUES(2,5);	/*general Manager requires Teaching*/
INSERT INTO skill_require VALUES(2,3);	/*general Manager requires computation*/

INSERT INTO skill_require VALUES(3,3);	/*business analyst*/

INSERT INTO skill_require VALUES(5,7);	/*marketing Manager requires marketing*/
INSERT INTO skill_require VALUES(5,1);	/*marketing Manager requires leadership*/

INSERT INTO skill_require VALUES(6,2);	/*Web Developer II requires java*/
INSERT INTO skill_require VALUES(6,3);	/*Web Developer II requires computation*/
INSERT INTO skill_require VALUES(6,8);	/*Web Developer II requires information technology*/

INSERT INTO skill_require VALUES(10,9);	/*Teacher requires teaching*/

INSERT INTO skill_require VALUES(11,9);
INSERT INTO skill_require VALUES(12,14);
INSERT INTO skill_require VALUES(12,16);
INSERT INTO skill_require VALUES(13,10);
INSERT INTO skill_require VALUES(13,14);
INSERT INTO skill_require VALUES(13,16);
INSERT INTO skill_require VALUES(13,17);
INSERT INTO skill_require VALUES(13,19);
INSERT INTO skill_require VALUES(13,20);
INSERT INTO skill_require VALUES(14,11);
INSERT INTO skill_require VALUES(14,14);
INSERT INTO skill_require VALUES(14,16);
INSERT INTO skill_require VALUES(14,17);
INSERT INTO skill_require VALUES(14,18);
INSERT INTO skill_require VALUES(14,20);
INSERT INTO skill_require VALUES(15,12);
INSERT INTO skill_require VALUES(15,13);
INSERT INTO skill_require VALUES(15,17);
INSERT INTO skill_require VALUES(15,18);
INSERT INTO skill_require VALUES(15,19);
INSERT INTO skill_require VALUES(15,20);
INSERT INTO skill_require VALUES(15,21);
INSERT INTO skill_require VALUES(16,13);
INSERT INTO skill_require VALUES(16,14);
INSERT INTO skill_require VALUES(16,17);
INSERT INTO skill_require VALUES(16,16);
INSERT INTO skill_require VALUES(16,18);
INSERT INTO skill_require VALUES(16,19);
INSERT INTO skill_require VALUES(16,20);


INSERT INTO job_profile (pos_code, job_title, description) VALUES (1, 'Research Assistant I', 'ajob');
INSERT INTO job_profile (pos_code, job_title, description) VALUES (2, 'General Manager', 'ajob');
INSERT INTO job_profile (pos_code, job_title, description) VALUES (3, 'Business Development Analyst', 'ajob');
INSERT INTO job_profile (pos_code, job_title, description) VALUES (4, 'Systems Administrator III', 'ajob');
INSERT INTO job_profile (pos_code, job_title, description) VALUES (5, 'Marketing Manager', 'ajob');
INSERT INTO job_profile (pos_code, job_title, description) VALUES (6, 'Web Developer II', 'ajob');
INSERT INTO job_profile (pos_code, job_title, description) VALUES (7, 'Environmental Specialist', 'ajob');
INSERT INTO job_profile (pos_code, job_title, description) VALUES (8, 'Help Desk Technician', 'ajob');
INSERT INTO job_profile (pos_code, job_title, description) VALUES (9, 'Information Systems Manager', 'ajob');
INSERT INTO job_profile VALUES (10, 'Tutor', 'ajob');
INSERT INTO job_profile VALUES (11, 'Teaching Assistant', 'ajob');
INSERT INTO job_profile VALUES (12, 'substitute teacher', 'ajob');
INSERT INTO job_profile VALUES (13, 'Elementry Teacher', 'ajob');
INSERT INTO job_profile VALUES (14, 'High School Teacher', 'ajob');
INSERT INTO job_profile VALUES (15, 'Professor', 'ajob');
INSERT INTO job_profile VALUES (16, 'Instructor', 'ajob');

/*who holds what job*/
INSERT INTO job VALUES(11,10,2,1,'full-time',30000,0, '03-APR-2014',null);	/*julia hicks is a teacher for photospace*/
INSERT INTO job VALUES(1,6,2,1,'full-time',100000,0, '03-APR-2014',null);	/*julia hicks is a web developer II for photospace*/
INSERT INTO job VALUES(2,2,2,5,'full-time',35000, 0,'03-APR-2014',null);	/*william ray is general manager for photospace*/
INSERT INTO job VALUES(3,1,2,2,'full-time',20000,0, '03-APR-2014',null);	/*mark lee is a research assistant for photospace*/
INSERT INTO job VALUES(4,5,2,4,'full-time',45000, 0,'03-APR-2014',null);	/*jaqueline nichols is a marketing manager for photospace*/

INSERT INTO job VALUES(5,7,3,11,'full-time',65000,0, '03-APR-2001',null);	/* is a Environamental Specialist for Realfire*/
INSERT INTO job VALUES(6,1,3,12,'full-time',35000,0, '03-APR-2001',null);	/* is a research assistant  for Realfire*/
INSERT INTO job VALUES(7,2,3,10,'full-time',500000,0, '03-APR-2001',null);	/* is general manager for Realfire*/
INSERT INTO job VALUES(8,1,3,13,'full-time',35000,0,'03-APR-2001',null);	/*is a research assistant for Realfire*/
INSERT INTO job VALUES(9,1,3,14,'full-time',40000,0,'03-APR-2001',null);	/* is a research assistant  for Realfire*/
INSERT INTO job VALUES(10,13,3,20,'full-time',65000,0, '03-APR-2001',null);	/* is a Environamental Specialist for Realfire*/
INSERT INTO job VALUES(11,6,2,25,'full-time',100000,0, '03-APR-2014',null);	/*julia hicks is a web developer II for photospace*/
INSERT INTO job VALUES(12,6,2,24,'full-time',100000,0, '03-APR-2014',null);	/*julia hicks is a web developer II for photospace*/
INSERT INTO job VALUES(13,6,2,23,'full-time',100000,0, '03-APR-2014',null);	/*julia hicks is a web developer II for photospace*/
INSERT INTO job VALUES(14,6,2, 22,'full-time',100000,0, '03-APR-2014','05-APR-2014');	/*julia hicks is a web developer II for photospace*/
INSERT INTO job VALUES(15,2,2, 19,'full-time',100000,0, '03-APR-2014','05-APR-2014');	


INSERT INTO work_on VALUES(1,1);	/*ProjectHolyGate's developer II for photospace*/
INSERT INTO work_on VALUES(2,1);	/*ProjectHolyGate's general manager for photospace*/
INSERT INTO work_on VALUES(3,1);	/*ProjectHolyGate's research assistant for photospace*/
INSERT INTO work_on VALUES(4,1);	 /*ProjectHolyGate's marketing manager for photospace*/

INSERT INTO work_on VALUES(5,2);	/*Project Research's developer II for Realfire*/
INSERT INTO work_on VALUES(6,2);	/*ProjectResearch's general manager for Realfire*/
INSERT INTO work_on VALUES(7,2);	/*ProjectResearch's research assistant for Realfire*/
INSERT INTO work_on VALUES(8,2);	 /*ProjectResearch's marketing manager for Realfire*/

INSERT INTO work_on VALUES(11,2);	/*teacher works on Photospace Training*/

--course (course_id, course_title, description, status, retail_price)
INSERT INTO course VALUES (1, 'Leadership', null, 'true', 19.18);
INSERT INTO course VALUES (2, 'Java 1', null, 'false', 81.04);
INSERT INTO course VALUES (3, 'Research Methods', null, 'false', 45.5);
INSERT INTO course VALUES (4, 'Education', null, 'false', 31.79);
INSERT INTO course VALUES (5, 'Environment', null, 'false', 29.57);
INSERT INTO course VALUES (6, 'Algebra', null, 'true', 6.27);
INSERT INTO course VALUES (7, 'Calculus', null, 'true', 45.81);
INSERT INTO course VALUES (8, 'Marketing', null, 'true', 29.62);
INSERT INTO course VALUES (9, 'Intro to IT', null, 'true', 88.54);
INSERT INTO course VALUES (10, 'Advanced Calculus', null, 'false', 91.96);
INSERT INTO course VALUES(11,'Java 101','entry level java course','open',500);
INSERT INTO course VALUES(12,'Java 102','entry level java course','open',500);
INSERT INTO course VALUES(13,'Education 101','a class required for every teacher','open',500);
INSERT INTO course VALUES(14,'Education 102','','open',600);
INSERT INTO course VALUES(15,'Higher Level Education ','','open',800);

INSERT INTO course VALUES(16,'Basic Communication','','open',500);
INSERT INTO course VALUES(17,'Advanced Communication','','open',700);
INSERT INTO course VALUES(18,'Basic Management','','open',700);
INSERT INTO course VALUES(19,'history of education','','open',500);
INSERT INTO course VALUES(20,'psychology of learning','','open',500);
INSERT INTO course VALUES(21,'methods of teaching','','open',600);

--course (course_id, course_title, description, status, retail_price)

/*which course provides which skill*/
INSERT INTO course_skill VALUES(1,1);	/*leadership from Leadership*/
INSERT INTO course_skill VALUES(2,2);	/*java from Java I*/
INSERT INTO course_skill VALUES(8,2);	/*IT from Java I*/

INSERT INTO course_skill VALUES(3,8);	/*business from marketing*/


INSERT INTO course_skill VALUES(4,3);	/*research from Research Methods*/
INSERT INTO course_skill VALUES(5,4);	/*teaching from Education*/
INSERT INTO course_skill VALUES(3,7);	/*computation from calculus*/
INSERT INTO course_skill VALUES(8,9);	/*information technology from Intro to IT*/
INSERT INTO course_skill VALUES(9,13);	/*tutoring  from edu101*/
INSERT INTO course_skill VALUES(10,14);	/*elementry teaching from edu102*/
INSERT INTO course_skill VALUES(11,14);	/*high school teaching from edu102*/
INSERT INTO course_skill VALUES(12,15);	/*professional teaching higher level edu*/
INSERT INTO course_skill VALUES(13,15);	/*college teaching from higher level edu*/
INSERT INTO course_skill VALUES(14,16);	/*basic Communication from basic Communication*/
INSERT INTO course_skill VALUES(15,17);	/*professional communication from adv commu*/
INSERT INTO course_skill VALUES(16,17);	/*public speach from adv commu */
INSERT INTO course_skill VALUES(17,18);	/*small group Management from basic management*/
INSERT INTO course_skill VALUES(18,19);	/*teaching history from education histroy*/
INSERT INTO course_skill VALUES(19,20);	/*student psychology from psyc of learning*/
INSERT INTO course_skill VALUES(20,21);	/*classic teaching from methods of teaching*/
INSERT INTO course_skill VALUES(21,21);	/*modern teaching from methods of teaching*/



INSERT INTO section VALUES(1, 1, TO_DSINTERVAL('0 13:00:00'),TO_DSINTERVAL('0 14:00:00'),'03-JAN-2016', '03-JUN-2017','Mr. President'); /*leadership from Mr. President*/
INSERT INTO section VALUES(2, 1, TO_DSINTERVAL('0 14:00:00'),TO_DSINTERVAL('0 15:00:00'),'03-JAN-2016', '03-MAY-2017','Mr. President'); /*leadership from Mr. President*/
INSERT INTO section VALUES(3, 1, TO_DSINTERVAL('0 15:00:00'),TO_DSINTERVAL('0 16:00:00'),'03-JAN-2016', '03-OCT-2017','Mr. President'); /*leadership from Mr. President*/

INSERT INTO section VALUES(4, 4, TO_DSINTERVAL('0 13:00:00'),TO_DSINTERVAL('0 14:00:00'),'03-JAN-2016', '03-JUN-2017','Dr. Tu'); /*research from Mr. President*/
INSERT INTO section VALUES(5, 4, TO_DSINTERVAL('0 13:00:00'),TO_DSINTERVAL('0 14:00:00'),'03-JAN-2016', '03-JUN-2017','Dr. Tut'); /*research from Mr. President*/
INSERT INTO section VALUES(6, 4, TO_DSINTERVAL('0 13:00:00'),TO_DSINTERVAL('0 14:00:00'),'03-JAN-2016', '03-JUN-2017','Dr. Tu'); /*research from Mr. President*/

INSERT INTO section VALUES(7, 8, TO_DSINTERVAL('0 13:00:00'),TO_DSINTERVAL('0 14:00:00'),'03-JAN-2016', '03-JUN-2017','Dr. Tu'); /*research from Mr. President*/

INSERT INTO speciality VALUES(1,'Finance');	
INSERT INTO speciality VALUES(2,'Software Development');	
INSERT INTO speciality VALUES(3,'Research');	
INSERT INTO speciality VALUES(4,'Training');	
INSERT INTO speciality VALUES(5,'Marketing');	
INSERT INTO speciality VALUES(6,'financing');	
INSERT INTO speciality VALUES(7,'financing');	
INSERT INTO speciality VALUES(8,'financing');	
INSERT INTO speciality VALUES(9,'financing');	
INSERT INTO speciality VALUES(10,'financing');	
INSERT INTO speciality VALUES(11,'financing');	

INSERT INTO specialize VALUES(1,1);
INSERT INTO specialize VALUES(2,2); /*photospace specializes in software development*/
INSERT INTO specialize VALUES(3,3);
INSERT INTO specialize VALUES(4,4);
INSERT INTO specialize VALUES(5,5);

INSERT INTO learn VALUES(1,1,'academy');

INSERT INTO prerequisite VALUES(2,1);	



INSERT INTO owns_phone (person_id,phone_id) VALUES (1,1);
INSERT INTO owns_phone (person_id,phone_id) VALUES (2,2);	
INSERT INTO owns_phone (person_id,phone_id) VALUES (3,3);
INSERT INTO owns_phone (person_id,phone_id) VALUES (4,4);
INSERT INTO owns_phone (person_id,phone_id) VALUES (5,5);
INSERT INTO owns_phone (person_id,phone_id) VALUES (6,6);
INSERT INTO owns_phone (person_id,phone_id) VALUES (7,7);
INSERT INTO owns_phone (person_id,phone_id) VALUES (8,8);
INSERT INTO owns_phone (person_id,phone_id) VALUES (9,9);
INSERT INTO owns_phone (person_id,phone_id) VALUES (10,10);

INSERT INTO phone_number VALUES(1,1,985,2333456);	
INSERT INTO phone_number VALUES(2,1,985,1234234);
INSERT INTO phone_number VALUES(3,1,985,1234234);
INSERT INTO phone_number VALUES(4,1,985,2324213);
INSERT INTO phone_number VALUES(5,1,985,5322341);
INSERT INTO phone_number VALUES(6,1,985,1523674);
INSERT INTO phone_number VALUES(7,1,504,2341236);
INSERT INTO phone_number VALUES(8,1,504,1211009);
INSERT INTO phone_number VALUES(9,1,504,2234552);
INSERT INTO phone_number VALUES(10,1,223,1122343);
INSERT INTO phone_number VALUES(11,1,222,4422533);
INSERT INTO phone_number VALUES(12,1,542,0092887);
INSERT INTO phone_number VALUES(13,1,646,3345551);
INSERT INTO phone_number VALUES(14,1,917,2223333);
INSERT INTO phone_number VALUES(15,1,985,1115522);

/* two-course set */
INSERT INTO CourseSet
				SELECT CourseSet_seq.NEXTVAL, C1.course_id, C2.course_id, null, 2
				FROM Course C1, Course C2
				WHERE C1.course_id < C2.course_id;
/* three-course set */
				INSERT INTO CourseSet
				SELECT CourseSet_seq.NEXTVAL, C1.course_id, C2.course_id, C3.course_id, 3
				FROM Course C1, Course C2, Course C3
				WHERE C1.course_id < C2.course_id AND C2.course_id < C3.course_id; 
